<?xml version="1.0" encoding="UTF-8"?>
<beans xmlns="http://www.springframework.org/schema/beans"
       xmlns:xsi="http://www.w3.org/2001/XMLSchema-instance"
       xsi:schemaLocation="http://www.springframework.org/schema/beans
    http://www.springframework.org/schema/beans/spring-beans.xsd" default-autowire="byName">

    <bean id="service" class="com.mycompany.invoice.service.prefix.InvoiceServicePrefix">
        <property name="prefix" value="NUM_"/>
        <property name="lastNumber" value="112" />
        <property name="file" value="C:\\temp\\file.txt"/>
    </bean>

    <bean id="invoiceController" class="com.mycompany.invoice.controller.web.InvoiceControllerWeb">
    </bean>

    <bean id="repository" class="com.mycompany.invoice.repository.database.InvoiceRepositoryDataBase" />

</beans>