<?xml version="1.0" encoding="UTF-8"?>
<beans xmlns="http://www.springframework.org/schema/beans"
       xmlns:xsi="http://www.w3.org/2001/XMLSchema-instance"
       xsi:schemaLocation="http://www.springframework.org/schema/beans
    http://www.springframework.org/schema/beans/spring-beans.xsd" default-autowire="byType">

    <!--
        Ici, plus besoin d'id car spring va examiner les attributs et chercher dans le contexte
        le beans qui implémente l'interface (le type) de l'attribut et automatique injecté l'instance correspondante à l'intérieur

        Dans InvoiceServicePrefix il va tomber sur l'attribut repository de type InvoiceRepositoryInterface
        et va injecter à l'intérieur InvoiceRepositoryDataBase qui implémente cette interface
     -->

    <bean class="com.mycompany.invoice.service.prefix.InvoiceServicePrefix">
        <property name="prefix" value="NUM_"/>
        <property name="lastNumber" value="112" />
        <property name="file" value="C:\\temp\\file.txt"/>
    </bean>

    <bean class="com.mycompany.invoice.controller.web.InvoiceControllerWeb">
    </bean>

    <bean class="com.mycompany.invoice.repository.database.InvoiceRepositoryDataBase" />

</beans>