<?xml version="1.0" encoding="UTF-8"?>
<beans xmlns="http://www.springframework.org/schema/beans"
       xmlns:xsi="http://www.w3.org/2001/XMLSchema-instance"
       xsi:schemaLocation="http://www.springframework.org/schema/beans
    http://www.springframework.org/schema/beans/spring-beans.xsd">

    <!-- En faisant ça, j'instancie ces classes sans un graph en mémoire, je les indexes avec leur id cela
     me permettra d'injecter par exemple mon service dans mon controller
     -->
    <bean id="invoiceService" class="com.mycompany.invoice.service.prefix.InvoiceServicePrefix">
        <property name="repository" ref="repository"/>
        <property name="prefix" value="NUM_"/>
        <property name="lastNumber" value="112" />
        <property name="file" value="C:\\temp\\file.txt"/>
    </bean>

    <bean id="invoiceController" class="com.mycompany.invoice.controller.web.InvoiceControllerWeb">

        <!-- service fait référence à la propriété service présente dans InvoiceControllerWeb -->
        <!-- ce qui se passe, c'est que Spring va appeler le setter de InvoiceControllerWeb pour setter service dedans
         -> injection de dépendance
         InvoiceControllerWeb doit donc avoir un setter pour ça
         -->
        <property name="service" ref="invoiceService"/>

    </bean>

    <bean id="invoiceRepository" class="com.mycompany.invoice.repository.database.InvoiceRepositoryDataBase" />

</beans>